Anoling 1st,
Anoling 2nd,
Anoling 3rd,
Bacabac,
Bacsay,
Bancay 1st,
Bilad,
Birbira,
Bobon 1st Casaratan,
Bobon 2nd,
Bobon Caarosipan,
Cabanabaan,
Cacamilingan Norte,
Cacamilingan Sur,
Caniag,
Carael,
Cayaoan,
Cayasan,
Florida,
Lasong,
Libueg,
Malacampa,
Manaquem,
Manupeg,
Marawi,
Matubog,
Nagrambacan,
Nagserialan,
Palimbo Proper,
Palimbo-Caarosipan,
Pao 1st,
Pao 2nd,
Pao 3rd,
Papaac,
Pindangan 1st,
Pindangan 2nd,
Pob. A,
Pob. B,
Pob. C,
Pob. D,
Pob. E,
Pob. F,
Pob. G,
Pob. H,
Pob. I,
Pob. J,
San Isidro,
Santa Maria,
Sawat,
Sinilian 1st,
Sinilian 2nd,
Sinilian 3rd,
Sinilian Cacalibosuan,
Sinulatan 1st,
Sinulatan 2nd,
Surgui 1st,
Surgui 2nd,
Surgui 3rd,
Tambugan,
Telbang,
Tuec