Alfonso,
Balutu,
Cafe,
Calius Gueco,
Caluluan,
Castillo,
Corazon de Jesus,
Culatingan,
Dungan,
Dutung-A-Matas,
Green Village,
Lilibangan,
Mabilog,
Magao,
Malupa,
Minane,
Panalicsican,
Pando,
Parang,
Parulung,
Pitabunan,
San Agustin,
San Antonio,
San Bartolome,
San Francisco,
San Isidro,
San Jose,
San Juan,
San Martin,
San Nicolas,
San Nicolas Balas,
Santo Ni√±o,
Santa Cruz,
Santa Maria,
Santa Monica,
Santa Rita,
Santa Rosa,
Santiago,
Santo Cristo,
Santo Rosario,
San Vicente,
Talimundoc Marimla,
Talimundoc San Miguel,
Telabanca,
Tinang