San Isidro,
Santiago,
Santo Ni√±o,
San Roque Arbol,
Baruya (San Rafael),
Lourdes (Lauc Pau),
Prado Siongco,
San Jose Gumi,
Balantacan,
Santa Teresa 2nd,
Bancal Sinubli,
Bancal Pugad,
Calangain,
San Pedro Palcarangan,
San Pedro Saug,
San Pablo 1st,
San Pablo 2nd,
De La Paz,
Santa Cruz,
Remedios,
Santa Maria,
Del Carmen,
San Agustin,
Santa Rita,
Santa Teresa 1st,
Santo Tomas,
San Roque Dau,
Santo Cristo,
San Matias,
Don Ignacio Dimson,
Santa Monica,
Santo Domingo,
San Miguel,
Concepcion,
San Francisco,
San Vicente,
San Antonio,
San Jose Apunan,
San Nicolas 2nd,
San Juan,
San Nicolas 1st,
Santa Barbara,
Santa Catalina,
Santa Lucia