Andangin,
Arellano Street,
Bantay,
Bantocaling,
Baracbac,
Peania Pedania (Bedania),
Bogtong Bolo,
Bogtong Bunao,
Bogtong Centro,
Bogtong Niog,
Bogtong Silag,
Buaya,
Buenlag,
Bueno,
Bunagan,
Bunlalacao,
Burgos Street,
Cabaluyan 1st,
Cabaluyan 2nd,
Cabarabuan,
Cabaruan,
Cabayaoasan,
Cabayugan,
Cacaoiten,
Calumboyan Norte,
Calumboyan Sur,
Calvo,
Casilagan,
Catarataraan,
Caturay Norte,
Caturay Sur,
Caviernesan,
Dorongan Ketaket,
Dorongan Linmansangan,
Dorongan Punta,
Dorongan Sawat,
Dorongan Valerio,
General Luna,
Gomez,
Historia,
Lawak Langka,
Linmansangan,
Lopez,
Mabini,
Macarang,
Malabobo,
Malibong,
Malunec(original),
Maravilla,
Maravilla-Arellano Ext. (Pob),
Muelang,
Naguilayan East,
Naguilayan West,
Nancasalan,
Niog-Cabison-Bulaney,
Olegario-Caoile,
Olo Cacamposan,
Olo Cafabrosan,
Olo Cagarlitan,
Osme√±a,
Pacalat,
Pampano,
Parian,
Paul,
Pogon-Aniat,
Pogon-Lomboy,
Ponglo-Baleg,
Ponglo-Muelag,
Quetegan (Pogon-Baleg),
Quezon,
Salavante,
Sapang,
Sonson Ongkit,
Suaco,
Swag,
Tagac,
Takipan,
Talogtog,
Tococ Barikir,
Torre 1st,
Torre 2nd,
Torres Bugallon,
Umangan,
Zamora