Abot Molina,
Alo-o,
Amaronan,
Annam (San Felipe),
Bantug,
Baracbac,
Barat,
Buenavista,
Cabalitian,
Cabangaran,
Cabaruan,
Cabatuan,
Cadiz,
Calitlitan,
Capas,
Carayungan Sur,
Carosalesan,
Casilan,
Caurdanetaan,
Concepcion,
Decreto,
Diaz,
Del Rosario (Trienta y Siete),
Diket,
Don Justo Abalos (Caroan),
Don Montano (Cadamortisan),
Esperanza,
Evangelista,
Flores,
Fulgosino,
Gonzales (Carayungan),
La Paz,
Labuan,
Lauren,
Lubong,
Luna Weste,
Luna Este,
Mantacdang,
Maseil-seil,
Nampalcan,
Nancalabasaan,
Pangangaan,
Papallasen,
Pecio,
Pemienta,
Poblacion East,
Poblacion West,
Prado,
Resurreccion,
Ricos,
San Andres (Parang),
San Juan,
San Leon,
San Pablo,
San Vicente,
Santa Maria,
Santa Rosa,
Sinabaan,
Tanggal Sawang